Employee,Personality
1,Diplomat
2,Diplomat
3,Explorer
4,Diplomat
5,Diplomat
6,Explorer
7,Explorer
8,Explorer
9,Diplomat
10,Explorer
11,Explorer
12,Sentinel
13,Diplomat
14,Explorer
15,Analyst
16,Diplomat
17,Sentinel
18,Sentinel
19,Explorer
20,Analyst
21,Explorer
22,Diplomat
23,Explorer
24,Explorer
25,Analyst
26,Diplomat
27,Explorer
28,Sentinel
29,Explorer
30,Diplomat
31,Diplomat
32,Explorer
33,Diplomat
34,Diplomat
35,Explorer
36,Explorer
37,Diplomat
38,Explorer
39,Explorer
40,Diplomat
41,Diplomat
42,Analyst
43,Sentinel
44,Explorer
45,Diplomat
46,Explorer
47,Sentinel
48,Explorer
49,Diplomat
50,Explorer
51,Explorer
52,Diplomat
53,Analyst
54,Explorer
55,Sentinel
56,Diplomat
57,Diplomat
58,Sentinel
59,Sentinel
60,Analyst
61,Analyst
62,Analyst
63,Diplomat
64,Diplomat
65,Diplomat
66,Analyst
67,Explorer
68,Explorer
69,Explorer
70,Sentinel
71,Sentinel
72,Analyst
73,Diplomat
74,Explorer
75,Explorer
76,Sentinel
77,Explorer
78,Explorer
79,Explorer
80,Sentinel
81,Analyst
82,Sentinel
83,Explorer
84,Diplomat
85,Diplomat
86,Sentinel
87,Sentinel
88,Explorer
89,Diplomat
90,Explorer
91,Explorer
92,Sentinel
93,Diplomat
94,Explorer
95,Explorer
96,Analyst
97,Sentinel
98,Sentinel
99,Sentinel
100,Diplomat
101,Diplomat
102,Explorer
103,Explorer
104,Diplomat
105,Explorer
106,Explorer
107,Explorer
108,Diplomat
109,Diplomat
110,Diplomat
111,Diplomat
112,Diplomat
113,Explorer
114,Analyst
115,Sentinel
116,Diplomat
117,Sentinel
118,Explorer
119,Explorer
120,Analyst
121,Explorer
122,Analyst
123,Analyst
124,Diplomat
125,Analyst
126,Analyst
127,Explorer
128,Analyst
129,Diplomat
130,Sentinel
131,Diplomat
132,Explorer
133,Explorer
134,Diplomat
135,Sentinel
136,Diplomat
137,Explorer
138,Explorer
139,Explorer
140,Explorer
141,Diplomat
142,Explorer
143,Analyst
144,Diplomat
145,Diplomat
146,Diplomat
147,Explorer
148,Explorer
149,Explorer
150,Analyst
151,Explorer
152,Explorer
153,Diplomat
154,Explorer
155,Explorer
156,Diplomat
157,Analyst
158,Analyst
159,Diplomat
160,Explorer
161,Sentinel
162,Analyst
163,Diplomat
164,Diplomat
165,Diplomat
166,Explorer
167,Sentinel
168,Explorer
169,Explorer
170,Explorer
171,Sentinel
172,Sentinel
173,Explorer
174,Explorer
175,Explorer
176,Analyst
177,Sentinel
178,Explorer
179,Analyst
180,Explorer
181,Diplomat
182,Diplomat
183,Diplomat
184,Explorer
185,Analyst
186,Explorer
187,Explorer
188,Analyst
189,Diplomat
190,Diplomat
191,Sentinel
192,Diplomat
193,Explorer
194,Explorer
195,Sentinel
196,Diplomat
197,Explorer
198,Explorer
199,Sentinel
200,Diplomat
201,Sentinel
202,Explorer
203,Diplomat
204,Analyst
205,Sentinel
206,Diplomat
207,Analyst
208,Diplomat
209,Analyst
210,Diplomat
211,Diplomat
212,Diplomat
213,Explorer
214,Diplomat
215,Diplomat
216,Sentinel
217,Explorer
218,Diplomat
219,Analyst
220,Explorer
221,Analyst
222,Explorer
223,Explorer
224,Explorer
225,Sentinel
226,Sentinel
227,Sentinel
228,Diplomat
229,Explorer
230,Explorer
231,Diplomat
232,Explorer
233,Explorer
234,Explorer
235,Explorer
236,Explorer
237,Explorer
238,Explorer
239,Diplomat
240,Diplomat
241,Explorer
242,Diplomat
243,Diplomat
244,Analyst
245,Sentinel
246,Explorer
247,Explorer
248,Explorer
249,Diplomat
250,Analyst
251,Diplomat
252,Diplomat
253,Diplomat
254,Sentinel
255,Analyst
256,Explorer
257,Explorer
258,Diplomat
259,Explorer
260,Diplomat
261,Diplomat
262,Sentinel
263,Analyst
264,Explorer
265,Explorer
266,Explorer
267,Analyst
268,Explorer
269,Analyst
270,Explorer
271,Diplomat
272,Explorer
273,Diplomat
274,Diplomat
275,Diplomat
276,Explorer
277,Analyst
278,Explorer
279,Sentinel
280,Explorer
281,Diplomat
282,Sentinel
283,Diplomat
284,Sentinel
285,Explorer
286,Explorer
287,Diplomat
288,Explorer
289,Diplomat
290,Explorer
291,Diplomat
292,Explorer
293,Explorer
294,Diplomat
295,Explorer
296,Explorer
297,Explorer
298,Explorer
299,Explorer
300,Explorer
301,Explorer
302,Sentinel
303,Explorer
304,Diplomat
305,Diplomat
306,Explorer
307,Analyst
308,Diplomat
309,Analyst
310,Sentinel
311,Explorer
312,Diplomat
313,Analyst
314,Explorer
315,Explorer
316,Sentinel
317,Explorer
318,Explorer
319,Analyst
320,Analyst
321,Explorer
322,Explorer
323,Diplomat
324,Diplomat
325,Analyst
326,Diplomat
327,Diplomat
328,Explorer
329,Explorer
330,Sentinel
331,Explorer
332,Explorer
333,Sentinel
334,Diplomat
335,Explorer
336,Explorer
337,Diplomat
338,Analyst
339,Explorer
340,Explorer
341,Diplomat
342,Sentinel
343,Sentinel
344,Explorer
345,Explorer
346,Diplomat
347,Diplomat
348,Explorer
349,Explorer
350,Explorer
351,Diplomat
352,Explorer
353,Explorer
354,Diplomat
355,Diplomat
356,Explorer
357,Sentinel
358,Explorer
359,Explorer
360,Explorer
361,Analyst
362,Diplomat
363,Diplomat
364,Sentinel
365,Sentinel
366,Sentinel
367,Sentinel
368,Explorer
369,Diplomat
370,Diplomat
371,Explorer
372,Diplomat
373,Analyst
374,Diplomat
375,Diplomat
376,Explorer
377,Explorer
378,Sentinel
379,Sentinel
380,Explorer
381,Sentinel
382,Sentinel
383,Explorer
384,Sentinel
385,Sentinel
386,Explorer
387,Sentinel
388,Explorer
389,Analyst
390,Diplomat
391,Explorer
392,Diplomat
393,Analyst
394,Sentinel
395,Sentinel
396,Explorer
397,Diplomat
398,Diplomat
399,Explorer
400,Analyst
401,Explorer
402,Analyst
403,Diplomat
404,Explorer
405,Diplomat
406,Diplomat
407,Explorer
408,Explorer
409,Diplomat
410,Explorer
411,Diplomat
412,Diplomat
413,Diplomat
414,Explorer
415,Explorer
416,Diplomat
417,Analyst
418,Diplomat
419,Explorer
420,Diplomat
421,Diplomat
422,Explorer
423,Explorer
424,Explorer
425,Diplomat
426,Diplomat
427,Diplomat
428,Sentinel
429,Diplomat
430,Analyst
431,Explorer
432,Diplomat
433,Diplomat
434,Analyst
435,Diplomat
436,Sentinel
437,Sentinel
438,Diplomat
439,Sentinel
440,Explorer
441,Diplomat
442,Diplomat
443,Sentinel
444,Explorer
445,Explorer
446,Explorer
447,Explorer
448,Diplomat
449,Diplomat
450,Diplomat
451,Diplomat
452,Diplomat
453,Sentinel
454,Diplomat
455,Explorer
456,Explorer
457,Explorer
458,Sentinel
459,Diplomat
460,Diplomat
461,Diplomat
462,Sentinel
463,Analyst
464,Explorer
465,Explorer
466,Diplomat
467,Diplomat
468,Sentinel
469,Analyst
470,Explorer
471,Sentinel
472,Analyst
473,Explorer
474,Explorer
475,Explorer
476,Explorer
477,Explorer
478,Explorer
479,Explorer
480,Diplomat
481,Sentinel
482,Explorer
483,Sentinel
484,Explorer
485,Diplomat
486,Explorer
487,Explorer
488,Diplomat
489,Diplomat
490,Diplomat
491,Diplomat
492,Explorer
493,Analyst
494,Diplomat
495,Sentinel
496,Explorer
497,Diplomat
498,Sentinel
499,Sentinel
500,Explorer
501,Explorer
502,Explorer
503,Explorer
504,Diplomat
505,Diplomat
506,Analyst
507,Diplomat
508,Diplomat
509,Analyst
510,Diplomat
511,Diplomat
512,Explorer
513,Diplomat
514,Explorer
515,Explorer
516,Explorer
517,Analyst
518,Analyst
519,Sentinel
520,Explorer
521,Diplomat
522,Analyst
523,Diplomat
524,Diplomat
525,Explorer
526,Explorer
527,Diplomat
528,Analyst
529,Explorer
530,Explorer
531,Explorer
532,Explorer
533,Sentinel
534,Analyst
535,Analyst
536,Analyst
537,Analyst
538,Diplomat
539,Explorer
540,Diplomat
541,Explorer
542,Analyst
543,Diplomat
544,Sentinel
545,Diplomat
546,Sentinel
547,Diplomat
548,Explorer
549,Sentinel
550,Diplomat
551,Explorer
552,Explorer
553,Explorer
554,Explorer
555,Diplomat
556,Explorer
557,Diplomat
558,Explorer
559,Explorer
560,Explorer
561,Diplomat
562,Diplomat
563,Explorer
564,Analyst
565,Sentinel
566,Explorer
567,Analyst
568,Diplomat
569,Diplomat
570,Explorer
571,Sentinel
572,Diplomat
573,Explorer
574,Sentinel
575,Sentinel
576,Explorer
577,Explorer
578,Diplomat
579,Explorer
580,Sentinel
581,Diplomat
582,Sentinel
583,Diplomat
584,Explorer
585,Diplomat
586,Explorer
587,Explorer
588,Diplomat
589,Diplomat
590,Diplomat
591,Sentinel
592,Explorer
593,Sentinel
594,Explorer
595,Diplomat
596,Diplomat
597,Explorer
598,Explorer
599,Diplomat
600,Sentinel
601,Explorer
602,Explorer
603,Diplomat
604,Diplomat
605,Explorer
606,Analyst
607,Analyst
608,Diplomat
609,Sentinel
610,Explorer
611,Diplomat
612,Diplomat
613,Explorer
614,Explorer
615,Sentinel
616,Explorer
617,Diplomat
618,Explorer
619,Explorer
620,Explorer
621,Diplomat
622,Diplomat
623,Sentinel
624,Analyst
625,Sentinel
626,Analyst
627,Sentinel
628,Analyst
629,Explorer
630,Diplomat
631,Diplomat
632,Sentinel
633,Diplomat
634,Sentinel
635,Sentinel
636,Diplomat
637,Analyst
638,Analyst
639,Diplomat
640,Diplomat
641,Diplomat
642,Explorer
643,Explorer
644,Explorer
645,Explorer
646,Explorer
647,Explorer
648,Diplomat
649,Diplomat
650,Sentinel
651,Sentinel
652,Diplomat
653,Explorer
654,Diplomat
655,Explorer
656,Explorer
657,Diplomat
658,Diplomat
659,Explorer
660,Diplomat
661,Explorer
662,Explorer
663,Explorer
664,Explorer
665,Analyst
666,Sentinel
667,Diplomat
668,Explorer
669,Diplomat
670,Sentinel
671,Explorer
672,Analyst
673,Diplomat
674,Diplomat
675,Explorer
676,Explorer
677,Explorer
678,Diplomat
679,Diplomat
680,Sentinel
681,Diplomat
682,Explorer
683,Explorer
684,Diplomat
685,Diplomat
686,Diplomat
687,Explorer
688,Explorer
689,Explorer
690,Diplomat
691,Explorer
692,Diplomat
693,Diplomat
694,Analyst
695,Explorer
696,Diplomat
697,Explorer
698,Diplomat
699,Explorer
700,Explorer
701,Analyst
702,Explorer
703,Sentinel
704,Explorer
705,Explorer
706,Sentinel
707,Diplomat
708,Diplomat
709,Explorer
710,Diplomat
711,Sentinel
712,Sentinel
713,Sentinel
714,Sentinel
715,Analyst
716,Diplomat
717,Diplomat
718,Sentinel
719,Diplomat
720,Sentinel
721,Explorer
722,Diplomat
723,Diplomat
724,Explorer
725,Explorer
726,Explorer
727,Diplomat
728,Explorer
729,Explorer
730,Sentinel
731,Analyst
732,Explorer
733,Explorer
734,Explorer
735,Sentinel
736,Explorer
737,Explorer
738,Diplomat
739,Analyst
740,Explorer
741,Analyst
742,Sentinel
743,Sentinel
744,Explorer
745,Explorer
746,Explorer
747,Explorer
748,Explorer
749,Explorer
750,Diplomat
751,Sentinel
752,Analyst
753,Diplomat
754,Explorer
755,Explorer
756,Diplomat
757,Sentinel
758,Analyst
759,Sentinel
760,Diplomat
761,Analyst
762,Explorer
763,Explorer
764,Sentinel
765,Explorer
766,Explorer
767,Diplomat
768,Explorer
769,Diplomat
770,Diplomat
771,Diplomat
772,Explorer
773,Diplomat
774,Explorer
775,Explorer
776,Explorer
777,Explorer
778,Diplomat
779,Analyst
780,Diplomat
781,Diplomat
782,Sentinel
783,Explorer
784,Explorer
785,Diplomat
786,Explorer
787,Diplomat
788,Explorer
789,Explorer
790,Sentinel
791,Explorer
792,Explorer
793,Explorer
794,Sentinel
795,Diplomat
796,Explorer
797,Sentinel
798,Explorer
799,Explorer
800,Diplomat
801,Diplomat
802,Analyst
803,Sentinel
804,Sentinel
805,Explorer
806,Explorer
807,Explorer
808,Explorer
809,Analyst
810,Diplomat
811,Diplomat
812,Diplomat
813,Diplomat
814,Sentinel
815,Analyst
816,Diplomat
817,Explorer
818,Sentinel
819,Analyst
820,Explorer
821,Analyst
822,Diplomat
823,Explorer
824,Analyst
825,Explorer
826,Diplomat
827,Diplomat
828,Explorer
829,Diplomat
830,Explorer
831,Diplomat
832,Explorer
833,Explorer
834,Analyst
835,Diplomat
836,Explorer
837,Analyst
838,Explorer
839,Explorer
840,Diplomat
841,Diplomat
842,Explorer
843,Analyst
844,Sentinel
845,Explorer
846,Diplomat
847,Analyst
848,Explorer
849,Sentinel
850,Diplomat
851,Explorer
852,Explorer
853,Explorer
854,Sentinel
855,Sentinel
856,Diplomat
857,Diplomat
858,Sentinel
859,Diplomat
860,Diplomat
861,Explorer
862,Explorer
863,Explorer
864,Explorer
865,Explorer
866,Explorer
867,Analyst
868,Analyst
869,Sentinel
870,Diplomat
871,Explorer
872,Explorer
873,Explorer
874,Diplomat
875,Sentinel
876,Analyst
877,Analyst
878,Analyst
879,Explorer
880,Diplomat
881,Explorer
882,Diplomat
883,Explorer
884,Diplomat
885,Diplomat
886,Explorer
887,Diplomat
888,Diplomat
889,Explorer
890,Diplomat
891,Explorer
892,Diplomat
893,Explorer
894,Explorer
895,Diplomat
896,Explorer
897,Diplomat
898,Explorer
899,Analyst
900,Diplomat
901,Explorer
902,Explorer
903,Diplomat
904,Explorer
905,Explorer
906,Sentinel
907,Explorer
908,Explorer
909,Explorer
910,Diplomat
911,Diplomat
912,Explorer
913,Sentinel
914,Sentinel
915,Explorer
916,Explorer
917,Diplomat
918,Diplomat
919,Diplomat
920,Sentinel
921,Analyst
922,Diplomat
923,Explorer
924,Diplomat
925,Diplomat
926,Explorer
927,Explorer
928,Explorer
929,Analyst
930,Sentinel
931,Diplomat
932,Explorer
933,Diplomat
934,Sentinel
935,Diplomat
936,Explorer
937,Diplomat
938,Diplomat
939,Diplomat
940,Explorer
941,Diplomat
942,Sentinel
943,Sentinel
944,Explorer
945,Sentinel
946,Diplomat
947,Analyst
948,Diplomat
949,Diplomat
950,Sentinel
951,Diplomat
952,Explorer
953,Explorer
954,Explorer
955,Explorer
956,Diplomat
957,Diplomat
958,Explorer
959,Explorer
960,Diplomat
961,Explorer
962,Explorer
963,Explorer
964,Diplomat
965,Diplomat
966,Analyst
967,Sentinel
968,Explorer
969,Explorer
970,Explorer
971,Diplomat
972,Explorer
973,Sentinel
974,Sentinel
975,Explorer
976,Analyst
977,Explorer
978,Diplomat
979,Analyst
980,Explorer
981,Sentinel
982,Diplomat
983,Diplomat
984,Explorer
985,Analyst
986,Sentinel
987,Sentinel
988,Diplomat
989,Diplomat
990,Diplomat
991,Diplomat
992,Explorer
993,Diplomat
994,Explorer
995,Sentinel
996,Explorer
997,Analyst
998,Sentinel
999,Explorer
1000,Explorer
